# module_path	exports_csv
src/std/core.aos	equals,assert,resultOkString,resultOkInt,resultOkBool,resultOkNode,resultOkNull,resultErr,resultIsOk,resultValueOr,resultCodeOr,resultMessageOr,resultNodeOr,optionSomeString,optionNone,optionHas,optionValueOr,nodeEmpty,nodeWithString,nodeWithInt,nodeWithBool,mapFieldKey,mapFieldValue,mapHasAt,mapHas,mapGetNodeOrAt,mapGetNodeOr,mapGetStringOrAt,mapGetStringOr,mapGetIntOrAt,mapGetIntOr,mapGetBoolOrAt,mapGetBoolOr,mapSetFold,mapSet,recordEmpty,recordHas,recordGetNodeOr,recordGetStringOr,recordGetIntOr,recordGetBoolOr,recordSet
src/std/io.aos	write,writeLine,writeErrLine,print,println
src/std/str.aos	concat,substring,remove,find,fromCodePoint,decodeUnicodeHex4,decodeUnicodeSurrogatePairHex4,replaceAll,utf8ByteCount,length,str.len
src/std/bytes.aos	bytes.length,bytes.at,bytes.slice,bytes.concat,bytes.fromBase64,bytes.toBase64,bytes.toUtf8String,bytes.fromUtf8String,bytes.fromByte,bytes.u32le,bytes.i64le
src/std/null.aos	value,isNull,isNotNull,coalesce
src/std/bool.aos	not,and,or,xor
src/std/number.aos	zero,one,add,inc,dec,sub,mul,div,mod,pow,isZero,isNegative,isPositive,isNonNegative,lt,lte,gt,gte,compare,toString,negate,abs,sign,min,max,clamp,betweenInclusive,betweenExclusive,floor,ceil,round,truncate,digitValue,isWholeString,parseWholeOr,isSignedWholeString,isNumberString,parseNumberOr
src/std/math.aos	halfFloor,divFloor,subAbs
src/std/system.aos	platform,arch,osVersion,runtime,runtimeTarget,runtimePlatform,openDefault,openUrl
src/std/process.aos	args,cwd,envGet,spawn,wait,poll,kill,stdoutRead,stderrRead,exit,runCaptured,processResult,processResultExitCode,processResultStdoutText,processResultStderrText
src/std/fs.aos	fileRead,fileWrite,fileExists,fileDelete,dirCreate,dirList,dirDelete,pathExists,pathStat
src/std/time.aos	nowUnixMs,monotonicMs,sleepMs,timeZoneId,timeZoneOffsetMinutesAt,timeFromUnixMs,now,nowUtc,timeLocal,timeUnixMs,timeZone,timeUtc,timeIsUtc,timeOffsetMinutes
src/std/debug.aos	debugMode,log,info,warn,error,debugAssert
